idx,X,Y,Z,u_manual,v_manual,u_cv,v_cv,abs_err_px
0,0.0,0.0,0.0,254.32586053397162,348.1596196982415,254.32587,348.1596,1.4175560106299425e-05
1,1.0,0.0,0.0,322.0145064296696,352.45288832558583,322.0145,352.45288,1.2949207649230705e-05
2,2.0,1.0,0.5,373.2524977172194,406.56322245201966,373.2525,406.56323,1.1032495498941687e-05
3,3.5,2.5,1.0,439.3658970320412,478.83695096036286,439.3659,478.83694,1.0812738034466775e-05
